# branch	depends_on	owned_paths	summary
chore/scaffold	-	package.json,bun.lock,bunfig.toml,mise.toml,tsconfig.base.json,tsconfig.json,.oxlintrc.json,.oxfmtrc.json,lefthook.yml,vitest.config.ts,.markuplintrc.json,.gitignore,.npmrc,tools/lint,tools/markuplint,scripts	足場: ワークスペース・ツールチェーン・lint 設定・worktree 補助。全レーンの先行条件
feat/tokens	chore/scaffold	system/tokens,tools/design-md,DESIGN.md	DTCG トークンと Terrazzo ビルド、AAA lint、DESIGN.md フロントマター生成
feat/css	feat/tokens	system/css,tools/lint/stylelint-plugin	基盤 CSS: layers / reset / base / utilities / print / forced-colors
feat/elements	feat/css	library/elements,tools/cem	Lit 部品と CEM 生成。最初の 4 部品（PE ティア A/A/B/C）。.size-limit.json を新規作成（所有は feat/release）
feat/storybook	feat/elements	apps/storybook,e2e/vrt,e2e/a11y,e2e/pe,e2e/Dockerfile,e2e/package.json,e2e/playwright.config.ts,e2e/stories.ts,e2e/axe-tags.ts,scripts/vrt.sh,.mcp.json	Storybook 10、a11y ゲート、VRT、JS 無し検証、addon-mcp
feat/frameworks	feat/elements	tools/cem/src/wrappers,library/react,library/vue,library/svelte,library/astro,e2e/react,e2e/vue,e2e/svelte,e2e/astro	CEM から生成するラッパーと各フレームワークの e2e
feat/release	feat/frameworks,feat/storybook	.changeset,.github/workflows/release.yml,.size-limit.json,knip.json,scripts/release-check.sh,tools/cem/src/core/api-diff.ts	changesets・Trusted Publishing・publint/attw/size-limit/knip
feat/agent	feat/release	tools/mcp,skills,AGENTS.md	MCP サーバ・利用側 skill・registry.json 配布
feat/elements-wave2	feat/storybook,feat/frameworks	library/elements/src/select,library/elements/src/checkbox,library/elements/src/disclosure,library/elements/src/toast,library/elements/src/_shared/field.ts,library/elements/src/experimental,library/elements/scripts,e2e/pe/build-pages.ts	部品 wave 2（plan 009）: select / checkbox / disclosure / toast と scaffold
chore/devops	chore/scaffold	.github/workflows/ci.yml,.github/workflows/pages.yml,.github/dependabot.yml,.github/PULL_REQUEST_TEMPLATE.md,scripts/ci-local.sh,scripts/pages-build.sh,scripts/guard.sh,scripts/guard.test.ts,package.json,.gitignore,.markuplintrc.json	CI・Pages・Dependabot・不変条件ガード・public 化手順（plan 010）
feat/wrappers-wave2	feat/elements-wave2,chore/devops	tools/cem/src/wrappers,tools/cem/test/wrappers,library/react,library/vue,library/svelte,library/astro,library/elements/package.json,tools/mcp/src/examples.ts,tools/mcp/package.json,tools/mcp/tsdown.config.ts,tools/mcp/test,e2e/frameworks,e2e/react,e2e/vue,e2e/svelte,e2e/astro,tools/mcp/src/core	ラッパー生成器の追随（plan 011）: experimental の分離・<select> の v-model・契約サブパス（mcp から lit を外す）
chore/follow-ups-012	feat/wrappers-wave2	tools/mcp/test,system/tokens/src/semantic/typography.tokens.json,system/tokens/test,system/css/src/base.css,system/css/src/print.css,system/css/test,e2e/__screenshots__,DESIGN.md	小さな追随（plan 012）: mcp の lit 混入テスト・type.link.underline-offset・print.css の改ページ制御
feat/theme-scheme	chore/follow-ups-012	system/tokens,DESIGN.md,tools/mcp/test/core/tokens.test.ts,tools/design-md/test	テーマ × スキームの解決と themes/qrcc の実色（plan 013）。surface.hover / status.danger.hover の追加
feat/brand-tokens	feat/theme-scheme	system/tokens,DESIGN.md,tools/mcp/test/core/tokens.test.ts,tools/design-md/test,e2e/__screenshots__	既定ブランドを riml の色にし「まど」の形・影・文字をトークンへ（plan 014）。旧既定は themes/noter へ
feat/mado-chrome	feat/brand-tokens	library/elements,system/css,library/react/src/generated,library/vue/src/generated,library/svelte/src/generated,library/astro/src/generated,tools/cem/registry.json,tools/mcp/src/examples.ts,tools/mcp/test,e2e,.size-limit.json,docs/proposals	「まど」を部品に当てる（plan 015）: .rd-window パターン・ピルのボタン・rd-meter
feat/brand-showcase	feat/mado-chrome	apps/storybook,e2e/vrt,e2e/stories.ts,e2e/playwright.config.ts,e2e/__screenshots__	Storybook のブランド切替と Foundations Brand / Mado（plan 016）
feat/window-controls	feat/brand-showcase	library/elements,system/css/src/patterns.css,system/css/test,library/react/src/generated,library/vue/src/generated,library/svelte/src/generated,library/astro/src/generated,tools/cem/registry.json,tools/mcp/src/examples.ts,tools/mcp/test,e2e,.size-limit.json,docs/proposals,docs/migration.md,apps/storybook/stories/Foundations/mado.stories.ts,apps/storybook/stories/Foundations/mado.css	窓の丸をボタンに（plan 017 / ADR-0014）: rd-window（ティア B）・.rd-window-bar・dialog の ×。018 と並行
feat/typography-atoms	feat/brand-showcase	system/tokens/src/semantic/typography.tokens.json,system/tokens/src/base/typography.tokens.json,system/tokens/test,DESIGN.md,system/css/src/typography.css,system/css/src/atoms.css,system/css/scripts/build.ts,system/css/package.json,system/css/README.md,system/css/test,system/guidelines/typography.md,tools/design-md/test,tools/mcp/test,docs/agent-integration.md,apps/storybook/stories/Foundations/typography.stories.ts,apps/storybook/stories/Patterns,e2e/__screenshots__,e2e/stories.ts	Typography と静的パターン集（plan 018）: typography.css / atoms.css・文字トークンの補完・guidelines/typography.md。017 と並行
feat/form-wave3	feat/window-controls,feat/typography-atoms	library/elements/src/radio-group,library/elements/src/slider,library/elements/src/experimental/radio-group,library/elements/src/experimental/slider,library/elements/package.json,library/elements/src/text-field/text-field.stories.ts,library/elements/src/_shared/field.ts,library/elements/custom-elements.json,system/css/src/patterns.css,system/css/test,library/react/src/generated,library/vue/src/generated,library/svelte/src/generated,library/astro/src/generated,tools/cem/registry.json,tools/mcp/src/examples.ts,tools/mcp/test,e2e,.size-limit.json,docs/proposals	フォーム第 3 波（plan 019）: rd-radio-group（segmented）・rd-slider（縦）・.rd-input-group。020 と並行
feat/nav-overlays	feat/window-controls,feat/typography-atoms	library/elements/src/tabs,library/elements/src/menu,library/elements/src/tooltip,library/elements/src/popover,library/elements/src/experimental/tabs,library/elements/src/experimental/menu,library/elements/src/experimental/tooltip,library/elements/src/experimental/popover,library/elements/src/_shared/popover-anchor.ts,library/elements/src/_shared/roving-focus.ts,library/elements/package.json,library/elements/custom-elements.json,system/css/src/navigation.css,system/css/scripts/build.ts,system/css/package.json,system/css/README.md,system/css/test,library/react/src/generated,library/vue/src/generated,library/svelte/src/generated,library/astro/src/generated,tools/cem/registry.json,tools/mcp/src/examples.ts,tools/mcp/test,e2e,.size-limit.json,docs/proposals,docs/baseline.md	ナビゲーションと重ね窓（plan 020）: rd-tabs・rd-menu・rd-popover・rd-tooltip・navigation.css。019 と並行
